Account,date,daily_pnl,mean_pnl_per_trade,pnl_std,min_pnl,max_pnl,total_volume,avg_trade_size,total_fees,num_trades,sentiment,fear_greed_value,win_rate,long_short_ratio,drawdown_proxy
0x083384f897ee0f19899168e3b1bec365f52a9012,2024-11-11,0.0,0.0,0.0,0.0,0.0,900880.13,5089.718248587571,167.796055,177,Greed,76.0,0.0,0,0.0
0x083384f897ee0f19899168e3b1bec365f52a9012,2024-11-17,0.0,0.0,0.0,0.0,0.0,542413.1799999999,7976.664411764705,67.883615,68,Greed,90.0,0.0,0,0.0
0x083384f897ee0f19899168e3b1bec365f52a9012,2024-11-18,0.0,0.0,0.0,0.0,0.0,949380.0,23734.5,94.93798300000002,40,Greed,83.0,0.0,0,0.0
0x083384f897ee0f19899168e3b1bec365f52a9012,2024-11-22,-21227.0,-1768.9166666666667,1526.1783793454342,-4948.586829,-29.420622,338240.0,28186.666666666668,33.823995,12,Greed,94.0,0.0,0,21227.0
0x083384f897ee0f19899168e3b1bec365f52a9012,2024-11-26,1603.1,59.37407407407407,172.31681367375162,0.0,883.756968,465700.0,17248.14814814815,104.62249,27,Greed,79.0,0.4444444444444444,0,0.0
0x083384f897ee0f19899168e3b1bec365f52a9012,2024-11-28,-132271.0,-1613.060975609756,2491.5845458943427,-10259.468,-27.456691,1316799.98,16058.536341463414,131.679967,82,Greed,77.0,0.0,0,132271.0
0x083384f897ee0f19899168e3b1bec365f52a9012,2024-11-30,0.0,0.0,0.0,0.0,0.0,1116918.77,48561.68565217392,390.921553,23,Greed,84.0,0.0,0,0.0
0x083384f897ee0f19899168e3b1bec365f52a9012,2024-12-06,-175611.00005600002,-5321.545456242425,20673.809229281236,-117990.1041,-1.75611,1212299.96,36736.36242424243,121.229992,33,Greed,72.0,0.0,0,175611.00005600002
0x083384f897ee0f19899168e3b1bec365f52a9012,2025-01-19,71393.964098,153.53540666236557,1050.3440755978172,-42.86425,15993.72491,5306093.62,11410.954021505377,780.33644,465,Greed,77.0,0.04946236559139785,0,428.2042
0x083384f897ee0f19899168e3b1bec365f52a9012,2025-01-20,40218.599998,788.5999999607843,2175.1372102662936,0.0,11322.34027,479429.99,9400.588039215687,23.971493,51,Greed,76.0,0.5490196078431373,0,0.0
0x083384f897ee0f19899168e3b1bec365f52a9012,2025-02-02,76710.0,7671.0,12601.782053941179,0.0,34903.8171,1858470.0,185847.0,92.923496,10,Greed,60.0,0.9,0,0.0
0x083384f897ee0f19899168e3b1bec365f52a9012,2025-02-03,101011.685664,120.39533452205006,1727.5898244164778,-19841.24014,25652.2897,19794543.66,23593.019856972587,2355.038296,839,Fear,44.0,0.30512514898688914,0,0.0
0x083384f897ee0f19899168e3b1bec365f52a9012,2025-02-04,375620.270243,707.3828064839925,4706.059084117009,-5149.876128,71535.71674,5616220.88,10576.687156308852,704.19937,531,Greed,72.0,0.15630885122410546,0,22038.241850000006
0x083384f897ee0f19899168e3b1bec365f52a9012,2025-02-05,44400.9058,211.43288476190477,949.222968424913,0.0,10922.04212,5582863.31,26585.06338095238,700.101577,210,Neutral,54.0,0.37142857142857144,0,0.0
0x083384f897ee0f19899168e3b1bec365f52a9012,2025-02-09,30897.0887,219.12828865248227,687.4738419495811,0.0,3740.160312,1432708.93,10161.056241134751,0.0,141,Neutral,46.0,0.9361702127659575,0,0.0
0x083384f897ee0f19899168e3b1bec365f52a9012,2025-02-10,55086.0,1147.625,3845.1429789897975,0.0,23909.89468,1537560.0,32032.5,0.0,48,Fear,43.0,0.3333333333333333,0,0.0
0x083384f897ee0f19899168e3b1bec365f52a9012,2025-02-11,0.0,0.0,0.0,0.0,0.0,807600.01,134600.00166666668,0.0,6,Neutral,47.0,0.0,0,0.0
0x083384f897ee0f19899168e3b1bec365f52a9012,2025-02-24,10152.12224,172.06986847457628,312.77384615734235,0.0,1663.751202,1603504.46,27178.041694915253,561.226533,59,Neutral,49.0,0.5254237288135594,0,0.0
0x083384f897ee0f19899168e3b1bec365f52a9012,2025-02-25,115445.395538,527.1479248310502,3326.4800903193827,0.0,47883.62595,2898197.14,13233.776894977169,555.888761,219,Fear,25.0,0.4246575342465753,0,0.0
0x083384f897ee0f19899168e3b1bec365f52a9012,2025-02-28,115287.0,2096.1272727272726,15545.295908759957,0.0,115287.0,1372739.97,24958.908545454546,137.273975,55,Fear,16.0,0.01818181818181818,0,0.0
0x083384f897ee0f19899168e3b1bec365f52a9012,2025-03-01,9482.221441,210.7160320222222,188.17603173932767,0.0,423.930704,134360.89,2985.797555555556,6.71802,45,Fear,20.0,0.8,0,0.0
0x083384f897ee0f19899168e3b1bec365f52a9012,2025-03-03,533974.662903,833.0337954804993,2408.864768709008,0.0,39686.70434,5365898.24,8371.136099843994,268.294625,641,Fear,33.0,0.8424336973478939,0,0.0
0x083384f897ee0f19899168e3b1bec365f52a9012,2025-03-24,40200.0,8040.0,14208.156622797855,0.0,33085.4844,398200.0,79640.0,39.819998,5,Neutral,45.0,0.8,0,0.0
0x083384f897ee0f19899168e3b1bec365f52a9012,2025-04-12,307855.80341,9930.832368064515,29916.431926603156,5.658978,135329.0901,666240.85,21491.640322580646,66.62407,31,Fear,43.0,1.0,0,0.0
0x430f09841d65beb3f27765503d0f850b8bce7713,2024-04-20,0.0,0.0,0.0,0.0,0.0,48733.65,2436.6825,117.08919,20,Greed,66.0,0.0,0,0.0
0x430f09841d65beb3f27765503d0f850b8bce7713,2024-04-25,0.0,0.0,0.0,0.0,0.0,51261.869999999995,753.8510294117647,136.01682,68,Greed,72.0,0.0,0,0.0
0x430f09841d65beb3f27765503d0f850b8bce7713,2024-06-19,0.0,0.0,0.0,0.0,0.0,23168.39,7722.796666666666,7.235789,3,Greed,64.0,0.0,0,0.0
0x430f09841d65beb3f27765503d0f850b8bce7713,2024-06-20,57478.456026,7184.80700325,6997.004674706841,1134.709485,18282.19011,169507.75,21188.46875,0.0,8,Greed,60.0,1.0,0,0.0
0x430f09841d65beb3f27765503d0f850b8bce7713,2024-07-23,88084.992348,384.6506216069869,611.3254701869841,3.75948,2833.144128,245547.44,1072.2595633187773,24.554663,229,Greed,71.0,1.0,0,0.0
0x430f09841d65beb3f27765503d0f850b8bce7713,2024-07-24,0.0,0.0,0.0,0.0,0.0,0.67,0.335,0.0,2,Greed,69.0,0.0,0,0.0
0x430f09841d65beb3f27765503d0f850b8bce7713,2024-07-25,0.0,0.0,,0.0,0.0,0.94,0.94,0.0,1,Greed,68.0,0.0,0,0.0
0x430f09841d65beb3f27765503d0f850b8bce7713,2024-08-09,0.0,0.0,,0.0,0.0,0.12,0.12,0.0,1,Neutral,48.0,0.0,0,0.0
0x430f09841d65beb3f27765503d0f850b8bce7713,2024-08-10,0.0,0.0,,0.0,0.0,0.68,0.68,0.0,1,Fear,40.0,0.0,0,0.0
0x430f09841d65beb3f27765503d0f850b8bce7713,2024-08-12,0.0,0.0,,0.0,0.0,0.61,0.61,0.0,1,Fear,25.0,0.0,0,0.0
0x430f09841d65beb3f27765503d0f850b8bce7713,2024-08-13,0.0,0.0,,0.0,0.0,0.67,0.67,0.0,1,Fear,31.0,0.0,0,0.0
0x430f09841d65beb3f27765503d0f850b8bce7713,2024-08-14,0.0,0.0,,0.0,0.0,0.53,0.53,0.0,1,Fear,30.0,0.0,0,0.0
0x430f09841d65beb3f27765503d0f850b8bce7713,2024-08-30,0.0,0.0,,0.0,0.0,0.62,0.62,0.0,1,Fear,34.0,0.0,0,0.0
0x430f09841d65beb3f27765503d0f850b8bce7713,2024-08-31,0.0,0.0,,0.0,0.0,0.96,0.96,0.0,1,Fear,29.0,0.0,0,0.0
0x430f09841d65beb3f27765503d0f850b8bce7713,2024-09-11,0.0,0.0,,0.0,0.0,0.54,0.54,0.0,1,Fear,37.0,0.0,0,0.0
0x430f09841d65beb3f27765503d0f850b8bce7713,2024-09-14,0.0,0.0,,0.0,0.0,0.65,0.65,0.0,1,Neutral,50.0,0.0,0,0.0
0x430f09841d65beb3f27765503d0f850b8bce7713,2024-09-21,36165.56933,1572.416057826087,1429.8114770090967,0.661528,4921.104136,165648.12,7202.092173913044,57.976841,23,Neutral,54.0,1.0,0,0.0
0x430f09841d65beb3f27765503d0f850b8bce7713,2024-10-05,0.0,0.0,,0.0,0.0,0.61,0.61,0.0,1,Neutral,49.0,0.0,0,0.0
0x430f09841d65beb3f27765503d0f850b8bce7713,2024-10-11,0.0,0.0,,0.0,0.0,0.73,0.73,0.0,1,Fear,32.0,0.0,0,0.0
0x430f09841d65beb3f27765503d0f850b8bce7713,2024-11-29,124284.948775,8285.663251666667,9492.439479325501,37.488051,29999.90625,124285.34,8285.689333333334,43.499863,15,Greed,78.0,1.0,0,0.0
0x430f09841d65beb3f27765503d0f850b8bce7713,2025-02-07,5615.052102,60.37690432258064,205.14299321974337,0.0,1508.614422,417119.94,4485.160645161291,47.838547,93,Fear,44.0,0.25806451612903225,0,0.0
0x430f09841d65beb3f27765503d0f850b8bce7713,2025-02-12,22795.8104,211.0723185185185,736.882963780328,0.0,6315.16184,460247.95,4261.555092592593,154.768112,108,Neutral,46.0,0.4166666666666667,0,0.0
0x430f09841d65beb3f27765503d0f850b8bce7713,2025-02-21,82117.04336,322.0276210196078,747.1058767915192,3.230816,7082.745948,382634.58,1500.5277647058824,38.391857,255,Greed,55.0,1.0,0,0.0
0x430f09841d65beb3f27765503d0f850b8bce7713,2025-04-09,0.0,0.0,0.0,0.0,0.0,440050.95,5570.2651898734175,44.005053,79,Fear,18.0,0.0,0,0.0
0x430f09841d65beb3f27765503d0f850b8bce7713,2025-04-16,0.0,0.0,0.0,0.0,0.0,96043.49,1231.3267948717948,9.604321,78,Fear,29.0,0.0,0,0.0
0x430f09841d65beb3f27765503d0f850b8bce7713,2025-04-18,0.0,0.0,0.0,0.0,0.0,87844.56,1514.5613793103448,8.784419,58,Fear,33.0,0.0,0,0.0
0x430f09841d65beb3f27765503d0f850b8bce7713,2025-04-26,0.0,0.0,0.0,0.0,0.0,110627.96,838.0906060606061,11.06274,132,Greed,65.0,0.0,0,0.0
0x430f09841d65beb3f27765503d0f850b8bce7713,2025-04-29,0.0,0.0,0.0,0.0,0.0,143378.9,2655.1648148148147,46.178716,54,Greed,60.0,0.0,0,0.0
0x4f93fead39b70a1824f981a54d4e55b278e9f760,2024-03-13,0.0,0.0,0.0,0.0,0.0,6000.799999999999,857.2571428571428,2.100278,7,Greed,81.0,0.0,0,0.0
0x4f93fead39b70a1824f981a54d4e55b278e9f760,2024-03-14,65.480454,65.480454,,65.480454,65.480454,6066.28,6066.28,2.123198,1,Greed,88.0,1.0,0,0.0
0x4f93fead39b70a1824f981a54d4e55b278e9f760,2024-03-15,338.42832,42.30354,119.65248000878543,0.0,338.42832,26339.81,3292.47625,9.218929,8,Greed,83.0,0.125,0,0.0
0x4f93fead39b70a1824f981a54d4e55b278e9f760,2024-03-16,228.57984,38.09664,93.31732891450332,0.0,228.57984,27223.66,4537.276666666667,9.528281,6,Greed,81.0,0.16666666666666666,0,0.0
0x4f93fead39b70a1824f981a54d4e55b278e9f760,2024-03-17,429.683075,30.691648214285713,54.26789625476134,0.0,143.45,87063.35,6218.810714285714,30.472167,14,Greed,79.0,0.2857142857142857,0,0.0
0x4f93fead39b70a1824f981a54d4e55b278e9f760,2024-03-18,0.0,0.0,0.0,0.0,0.0,34001.9,2833.491666666667,11.900658,12,Greed,77.0,0.0,0,0.0
0x4f93fead39b70a1824f981a54d4e55b278e9f760,2024-03-19,0.0,0.0,0.0,0.0,0.0,9067.51,2266.8775,3.173628,4,Greed,79.0,0.0,0,0.0
0x4f93fead39b70a1824f981a54d4e55b278e9f760,2024-03-21,0.0,0.0,,0.0,0.0,9744.18,9744.18,3.410463,1,Greed,78.0,0.0,0,0.0
0x4f93fead39b70a1824f981a54d4e55b278e9f760,2024-03-25,1302.916428,186.13091828571427,173.14631124356953,0.0,519.914958,57116.32,8159.4742857142855,19.990712,7,Greed,75.0,0.8571428571428571,0,0.0
0x4f93fead39b70a1824f981a54d4e55b278e9f760,2024-03-26,20.599193,2.942741857142857,7.785763126660362,0.0,20.599193,23986.34,3426.62,8.395214,7,Greed,81.0,0.14285714285714285,0,0.0
0x4f93fead39b70a1824f981a54d4e55b278e9f760,2024-03-27,189.192,7.0071111111111115,14.737103941135228,0.0,65.20106,87066.1,3224.6703703703706,30.473126,27,Greed,83.0,0.4444444444444444,0,0.0
0x4f93fead39b70a1824f981a54d4e55b278e9f760,2024-03-28,0.0,0.0,0.0,0.0,0.0,20013.89,6671.296666666666,7.00486,3,Greed,80.0,0.0,0,0.0
0x4f93fead39b70a1824f981a54d4e55b278e9f760,2024-03-29,883.097404,58.873160266666666,95.5086831563824,0.0,269.996916,86914.37,5794.291333333333,30.420029999999997,15,Greed,79.0,0.4,0,0.0
0x4f93fead39b70a1824f981a54d4e55b278e9f760,2024-03-31,912.786145,70.21431884615384,112.05139600499244,0.0,298.560597,39912.96,3070.2276923076925,13.969522000000001,13,Greed,75.0,0.7692307692307693,0,0.0
0x4f93fead39b70a1824f981a54d4e55b278e9f760,2024-04-01,0.840939,0.028997896551724137,0.10936280788482529,0.0,0.473773,134989.44,4654.808275862069,47.246296,29,Greed,79.0,0.06896551724137931,0,0.0
0x4f93fead39b70a1824f981a54d4e55b278e9f760,2024-04-02,883.760812,23.88542735135135,82.11980963179407,0.0,448.88615,224664.62,6072.016756756757,78.632589,37,Greed,79.0,0.32432432432432434,0,0.0
0x4f93fead39b70a1824f981a54d4e55b278e9f760,2024-04-04,0.0,0.0,0.0,0.0,0.0,95987.73,2999.6165625,33.595684999999996,32,Greed,70.0,0.0,0,0.0
0x4f93fead39b70a1824f981a54d4e55b278e9f760,2024-04-05,4444.4983010000005,444.44983010000004,798.7271619373006,0.0,2301.591116,172531.56999999998,17253.157,60.38604000000001,10,Greed,79.0,0.7,0,0.0
0x4f93fead39b70a1824f981a54d4e55b278e9f760,2024-04-06,236.33513399999998,14.770945874999999,42.149058574016486,0.0,161.971138,68223.67,4263.979375,23.878277,16,Greed,75.0,0.25,0,0.0
0x4f93fead39b70a1824f981a54d4e55b278e9f760,2024-04-07,0.0,0.0,0.0,0.0,0.0,49988.14,2173.397391304348,17.495845,23,Greed,78.0,0.0,0,0.0
0x4f93fead39b70a1824f981a54d4e55b278e9f760,2024-04-08,0.0,0.0,0.0,0.0,0.0,163166.37,5827.370357142857,57.10822,28,Greed,76.0,0.0,0,0.0
0x4f93fead39b70a1824f981a54d4e55b278e9f760,2024-04-09,0.0,0.0,0.0,0.0,0.0,57063.840000000004,19021.280000000002,19.972341,3,Greed,80.0,0.0,0,0.0
0x4f93fead39b70a1824f981a54d4e55b278e9f760,2024-04-10,5207.443414,127.01081497560976,197.76893722954745,0.0,1048.800788,351735.97,8578.926097560974,123.107562,41,Greed,78.0,0.8780487804878049,0,0.0
0x4f93fead39b70a1824f981a54d4e55b278e9f760,2024-04-11,389.743164,24.35894775,69.72639235953248,0.0,251.750459,76400.96,4775.06,26.740329,16,Greed,76.0,0.125,0,0.0
0x4f93fead39b70a1824f981a54d4e55b278e9f760,2024-04-12,0.0,0.0,0.0,0.0,0.0,149909.08000000002,7138.52761904762,52.468165,21,Greed,79.0,0.0,0,0.0
0x4f93fead39b70a1824f981a54d4e55b278e9f760,2024-04-13,0.0,0.0,0.0,0.0,0.0,156188.7,8677.150000000001,54.666038,18,Greed,72.0,0.0,0,0.0
0x4f93fead39b70a1824f981a54d4e55b278e9f760,2024-04-14,-36565.98544,-571.3435225,2750.1848881371893,-21524.4,698.98149,588765.94,9199.4678125,206.068057,64,Greed,72.0,0.046875,0,37334.298965999995
0x4f93fead39b70a1824f981a54d4e55b278e9f760,2024-04-15,0.0,0.0,0.0,0.0,0.0,50013.950000000004,16671.31666666667,17.504880999999997,3,Greed,74.0,0.0,0,0.0
0x4f93fead39b70a1824f981a54d4e55b278e9f760,2024-04-19,1946.4454620000001,55.61272748571429,114.02941773198246,0.0,536.40432,337257.92000000004,9635.940571428573,118.04025999999999,35,Greed,66.0,0.7714285714285715,0,0.0
0x4f93fead39b70a1824f981a54d4e55b278e9f760,2024-04-20,0.0,0.0,0.0,0.0,0.0,11999.59,5999.795,4.199857,2,Greed,66.0,0.0,0,0.0
0x4f93fead39b70a1824f981a54d4e55b278e9f760,2024-04-22,0.0,0.0,0.0,0.0,0.0,47993.61,5332.623333333333,16.797764,9,Greed,73.0,0.0,0,0.0
0x4f93fead39b70a1824f981a54d4e55b278e9f760,2024-04-23,759.2148159999999,14.059533629629628,71.07686420570106,0.0,523.24804,192658.47,3567.7494444444446,67.430431,54,Greed,71.0,0.5740740740740741,0,0.0
0x4f93fead39b70a1824f981a54d4e55b278e9f760,2024-04-24,279.185907,13.95929535,47.020172247729526,-13.773933,192.028,141275.24,7063.762,49.446315999999996,20,Greed,72.0,0.3,0,0.0
0x4f93fead39b70a1824f981a54d4e55b278e9f760,2024-04-25,0.0,0.0,0.0,0.0,0.0,68979.14,11496.523333333333,24.142691999999997,6,Greed,72.0,0.0,0,0.0
0x4f93fead39b70a1824f981a54d4e55b278e9f760,2024-04-27,4281.488139,158.57363477777778,205.65189595972714,0.0,706.961342,154264.47,5713.498888888889,53.99255,27,Greed,67.0,0.7037037037037037,0,0.0
0x4f93fead39b70a1824f981a54d4e55b278e9f760,2024-04-28,0.0,0.0,0.0,0.0,0.0,26999.41,3374.92625,9.449794,8,Greed,65.0,0.0,0,0.0
0x4f93fead39b70a1824f981a54d4e55b278e9f760,2024-04-29,526.9338359999999,16.99786567741935,40.41024056652662,0.0,171.041,104475.19,3370.167419354839,36.566300999999996,31,Greed,67.0,0.5483870967741935,0,0.0
0x4f93fead39b70a1824f981a54d4e55b278e9f760,2024-04-30,0.0,0.0,0.0,0.0,0.0,125018.75,5209.114583333333,43.75655,24,Greed,67.0,0.0,0,0.0
0x4f93fead39b70a1824f981a54d4e55b278e9f760,2024-05-01,0.0,0.0,0.0,0.0,0.0,87025.45,6216.103571428571,30.458908,14,Neutral,54.0,0.0,0,0.0
0x4f93fead39b70a1824f981a54d4e55b278e9f760,2024-05-03,5319.861625,231.2983315217391,324.189605348012,0.0,1150.20087,277373.29,12059.708260869564,97.080639,23,Neutral,48.0,0.6956521739130435,0,0.0
0x4f93fead39b70a1824f981a54d4e55b278e9f760,2024-05-04,0.0,0.0,0.0,0.0,0.0,53999.340000000004,8999.890000000001,18.899767,6,Greed,67.0,0.0,0,0.0
0x4f93fead39b70a1824f981a54d4e55b278e9f760,2024-05-05,0.0,0.0,0.0,0.0,0.0,23986.050000000003,5996.512500000001,8.395113,4,Greed,69.0,0.0,0,0.0
0x4f93fead39b70a1824f981a54d4e55b278e9f760,2024-05-06,968.59038,107.62115333333333,237.64601629026436,0.0,725.22282,206016.43,22890.714444444442,72.105746,9,Greed,71.0,0.4444444444444444,0,0.0
0x4f93fead39b70a1824f981a54d4e55b278e9f760,2024-05-07,656.21704,65.621704,58.92380742815348,0.0,130.6,98901.26000000001,9890.126,34.615441,10,Greed,68.0,0.7,0,0.0
0x4f93fead39b70a1824f981a54d4e55b278e9f760,2024-05-08,0.0,0.0,0.0,0.0,0.0,65834.19,6583.419,23.04196,10,Greed,64.0,0.0,0,0.0
0x4f93fead39b70a1824f981a54d4e55b278e9f760,2024-05-09,1147.595856,45.903834239999995,97.3938635073204,0.0,306.38664,216990.58,8679.6232,75.946694,25,Greed,55.0,0.44,0,0.0
0x4f93fead39b70a1824f981a54d4e55b278e9f760,2024-05-10,2101.741695,95.53371340909092,240.61922882162773,0.0,846.923816,156882.0,7131.0,54.90869,22,Greed,66.0,0.2727272727272727,0,0.0
0x4f93fead39b70a1824f981a54d4e55b278e9f760,2024-05-11,251.604742,27.956082444444444,38.73340875071258,0.090771,112.300146,63248.95,7027.661111111111,22.137125,9,Neutral,53.0,1.0,0,0.0
0x4f93fead39b70a1824f981a54d4e55b278e9f760,2024-05-12,0.0,0.0,0.0,0.0,0.0,45004.64,4500.464,15.751622000000001,10,Greed,56.0,0.0,0,0.0
0x4f93fead39b70a1824f981a54d4e55b278e9f760,2024-05-13,2136.853859,85.47415436,256.52681180321053,0.0,1241.174198,188144.09,7525.7636,65.850416,25,Greed,57.0,0.4,0,0.0
0x4f93fead39b70a1824f981a54d4e55b278e9f760,2024-05-14,1150.5233050000002,50.02275239130436,172.16967241498202,0.0,791.643125,145853.4,6341.452173913043,51.048685,23,Greed,66.0,0.17391304347826086,0,0.0
0x4f93fead39b70a1824f981a54d4e55b278e9f760,2024-05-15,948.970582,26.360293944444447,49.856725134153635,0.0,184.824631,234922.57,6525.626944444444,82.222887,36,Greed,64.0,0.4722222222222222,0,0.0
0x4f93fead39b70a1824f981a54d4e55b278e9f760,2024-05-16,214.5898,8.941241666666667,23.271428199622363,0.0,76.95,158780.89,6615.870416666668,55.573295,24,Greed,70.0,0.20833333333333334,0,0.0
0x4f93fead39b70a1824f981a54d4e55b278e9f760,2024-05-18,3522.3946610000003,140.89578644000002,227.39973415277277,0.0,804.35,126303.14,5052.1256,44.206092,25,Greed,73.0,0.64,0,0.0
0x4f93fead39b70a1824f981a54d4e55b278e9f760,2024-05-19,0.0,0.0,0.0,0.0,0.0,29998.09,3749.76125,10.499327000000001,8,Greed,72.0,0.0,0,0.0
0x4f93fead39b70a1824f981a54d4e55b278e9f760,2024-05-20,0.0,0.0,0.0,0.0,0.0,33003.4,4714.771428571429,11.55119,7,Greed,70.0,0.0,0,0.0
0x4f93fead39b70a1824f981a54d4e55b278e9f760,2024-05-21,6017.309216,113.5341361509434,630.8229994758032,0.0,4552.630795,482127.94,9096.75358490566,168.74476099999998,53,Greed,76.0,0.1320754716981132,0,0.0
0x4f93fead39b70a1824f981a54d4e55b278e9f760,2024-05-22,0.0,0.0,0.0,0.0,0.0,44995.29,7499.215,15.748349000000001,6,Greed,76.0,0.0,0,0.0
0x4f93fead39b70a1824f981a54d4e55b278e9f760,2024-06-07,7329.223137999999,140.94659880769228,271.21772517534197,0.0,1286.108918,785972.7,15114.859615384614,275.090432,52,Greed,77.0,0.5769230769230769,0,0.0
0x4f93fead39b70a1824f981a54d4e55b278e9f760,2024-06-08,0.0,0.0,0.0,0.0,0.0,45002.65,6428.95,15.750927,7,Greed,72.0,0.0,0,0.0
0x4f93fead39b70a1824f981a54d4e55b278e9f760,2024-06-09,0.0,0.0,0.0,0.0,0.0,20999.96,4199.992,7.349985,5,Greed,75.0,0.0,0,0.0
0x4f93fead39b70a1824f981a54d4e55b278e9f760,2024-06-10,0.0,0.0,0.0,0.0,0.0,24000.3,6000.075,8.400105,4,Greed,72.0,0.0,0,0.0
0x4f93fead39b70a1824f981a54d4e55b278e9f760,2024-06-11,0.0,0.0,0.0,0.0,0.0,276003.46,13143.021904761907,96.60119399999999,21,Greed,74.0,0.0,0,0.0
0x4f93fead39b70a1824f981a54d4e55b278e9f760,2024-06-14,0.0,0.0,0.0,0.0,0.0,97988.96,6124.31,34.296119,16,Greed,74.0,0.0,0,0.0
0x4f93fead39b70a1824f981a54d4e55b278e9f760,2024-06-15,2084.433906,54.85352384210527,82.12439654193786,0.0,430.823372,592097.63,15581.516578947369,207.234159,38,Greed,74.0,0.7631578947368421,0,0.0
0x4f93fead39b70a1824f981a54d4e55b278e9f760,2024-06-17,1268.7590360000002,90.62564542857145,308.73904539589324,-107.18565,1147.539904,252491.58,18035.112857142856,88.37205,14,Greed,71.0,0.2857142857142857,0,0.0
0x4f93fead39b70a1824f981a54d4e55b278e9f760,2024-06-18,0.0,0.0,0.0,0.0,0.0,62998.22,8999.745714285715,22.049377,7,Greed,74.0,0.0,0,0.0
0x4f93fead39b70a1824f981a54d4e55b278e9f760,2024-06-19,2053.973644,120.82197905882354,233.4007094567924,0.399945,830.272702,190061.52,11180.089411764706,66.52153,17,Greed,64.0,1.0,0,0.0
0x4f93fead39b70a1824f981a54d4e55b278e9f760,2024-06-20,0.0,0.0,0.0,0.0,0.0,29997.36,7499.34,10.499073,4,Greed,60.0,0.0,0,0.0
0x4f93fead39b70a1824f981a54d4e55b278e9f760,2024-06-21,773.5582039999999,70.32347309090909,137.5116998912804,0.0,428.429798,74216.28,6746.9345454545455,25.975694999999998,11,Greed,63.0,0.2727272727272727,0,0.0
0x4f93fead39b70a1824f981a54d4e55b278e9f760,2024-06-22,0.0,0.0,0.0,0.0,0.0,18000.21,6000.07,6.300072,3,Neutral,53.0,0.0,0,0.0
0x4f93fead39b70a1824f981a54d4e55b278e9f760,2024-06-24,0.0,0.0,0.0,0.0,0.0,252007.37,12000.350952380952,88.202567,21,Neutral,51.0,0.0,0,0.0
0x4f93fead39b70a1824f981a54d4e55b278e9f760,2024-06-26,4197.732182,135.4107155483871,259.4985996951513,0.0,1325.56024,364194.84,11748.220645161291,127.46818,31,Neutral,46.0,0.6774193548387096,0,0.0
0x4f93fead39b70a1824f981a54d4e55b278e9f760,2024-06-27,0.0,0.0,0.0,0.0,0.0,119990.08,9999.173333333334,41.996528,12,Fear,40.0,0.0,0,0.0
0x4f93fead39b70a1824f981a54d4e55b278e9f760,2024-06-29,1842.738325,108.39637205882353,149.09969287835884,0.0,454.891252,223530.97,13148.880588235294,78.235829,17,Fear,30.0,0.7647058823529411,0,0.0
0x4f93fead39b70a1824f981a54d4e55b278e9f760,2024-06-30,0.0,0.0,0.0,0.0,0.0,29999.27,9999.756666666666,10.499745,3,Neutral,47.0,0.0,0,0.0
0x4f93fead39b70a1824f981a54d4e55b278e9f760,2024-07-01,1202.488212,92.49909323076923,250.09254180072512,0.0,912.61073,97200.55,7476.965384615385,34.02019,13,Neutral,53.0,0.6923076923076923,0,0.0
0x4f93fead39b70a1824f981a54d4e55b278e9f760,2024-07-03,1118.387284,111.8387284,161.89726563080868,0.0,387.745268,103880.08,10388.008,36.358022,10,Neutral,50.0,0.4,0,0.0
0x4f93fead39b70a1824f981a54d4e55b278e9f760,2024-07-04,0.0,0.0,0.0,0.0,0.0,255022.22,18215.87285714286,89.257767,14,Fear,44.0,0.0,0,0.0
0x4f93fead39b70a1824f981a54d4e55b278e9f760,2024-07-05,0.0,0.0,0.0,0.0,0.0,270298.74,13514.937,94.604547,20,Fear,29.0,0.0,0,0.0
0x4f93fead39b70a1824f981a54d4e55b278e9f760,2024-07-10,11595.627026,269.66574479069766,367.3141822365576,0.0,1884.905224,671917.11,15625.97930232558,235.170963,43,Fear,28.0,0.7674418604651163,0,0.0
0x4f93fead39b70a1824f981a54d4e55b278e9f760,2024-07-11,1876.812082,98.77958326315789,150.16378122148163,0.0,491.704106,169887.02,8941.422105263156,59.460443,19,Fear,29.0,0.47368421052631576,0,0.0
0x4f93fead39b70a1824f981a54d4e55b278e9f760,2024-07-12,0.0,0.0,0.0,0.0,0.0,76006.65,7600.664999999999,26.602324,10,Fear,25.0,0.0,0,0.0
0x4f93fead39b70a1824f981a54d4e55b278e9f760,2024-07-13,2678.839374,206.06456723076923,183.9701431848467,8.227551,571.787349,138690.01,10668.462307692309,48.541495,13,Fear,25.0,1.0,0,0.0
0x4f93fead39b70a1824f981a54d4e55b278e9f760,2024-07-14,0.0,0.0,0.0,0.0,0.0,84001.13,12000.16142857143,29.400389,7,Fear,33.0,0.0,0,0.0
0x4f93fead39b70a1824f981a54d4e55b278e9f760,2024-07-15,0.0,0.0,0.0,0.0,0.0,167993.85,7999.7071428571435,58.797837,21,Neutral,52.0,0.0,0,0.0
0x4f93fead39b70a1824f981a54d4e55b278e9f760,2024-07-16,0.0,0.0,0.0,0.0,0.0,144000.57,6545.480454545454,50.400180999999996,22,Greed,65.0,0.0,0,0.0
0x4f93fead39b70a1824f981a54d4e55b278e9f760,2024-07-17,0.0,0.0,0.0,0.0,0.0,164934.32,18326.035555555558,57.727006,9,Greed,69.0,0.0,0,0.0
0x4f93fead39b70a1824f981a54d4e55b278e9f760,2024-07-18,2569.979964,48.490188,59.31831103823802,0.0,180.392145,642356.11,12119.926603773585,224.82460700000001,53,Greed,61.0,0.7735849056603774,0,0.0
0x4f93fead39b70a1824f981a54d4e55b278e9f760,2024-07-19,2120.091364,132.50571025,205.211549837058,0.0,738.043853,146122.7,9132.66875,51.142944,16,Greed,60.0,0.6875,0,0.0
0x4f93fead39b70a1824f981a54d4e55b278e9f760,2024-07-20,129.66130099999998,14.40681122222222,24.29132067306815,0.0,60.040698,99879.67,11097.74111111111,34.957881,9,Greed,74.0,0.4444444444444444,0,0.0
0x4f93fead39b70a1824f981a54d4e55b278e9f760,2024-07-21,0.0,0.0,0.0,0.0,0.0,43995.18,14665.06,15.398312,3,Greed,74.0,0.0,0,0.0
0x4f93fead39b70a1824f981a54d4e55b278e9f760,2024-07-22,2273.29301,108.2520480952381,159.0950556429404,0.0,461.628534,225308.37,10728.97,78.8579,21,Greed,70.0,0.6190476190476191,0,0.0
0x4f93fead39b70a1824f981a54d4e55b278e9f760,2024-07-23,0.0,0.0,0.0,0.0,0.0,23994.47,11997.235,8.398064,2,Greed,71.0,0.0,0,0.0
0x4f93fead39b70a1824f981a54d4e55b278e9f760,2024-07-24,0.0,0.0,0.0,0.0,0.0,28011.55,1333.8833333333332,9.803735000000001,21,Greed,69.0,0.0,0,0.0
0x4f93fead39b70a1824f981a54d4e55b278e9f760,2024-07-25,0.0,0.0,0.0,0.0,0.0,519380.44,7990.4683076923075,181.783127,65,Greed,68.0,0.0,0,0.0
0x4f93fead39b70a1824f981a54d4e55b278e9f760,2024-07-26,0.0,0.0,0.0,0.0,0.0,150009.65,15000.965,52.503374,10,Greed,68.0,0.0,0,0.0
0x4f93fead39b70a1824f981a54d4e55b278e9f760,2024-07-27,6400.623656,123.08891646153846,161.2997913713772,0.0,798.238648,900756.99,17322.249807692308,315.264931,52,Greed,72.0,0.8076923076923077,0,0.0
0x4f93fead39b70a1824f981a54d4e55b278e9f760,2024-07-28,0.0,0.0,0.0,0.0,0.0,31999.690000000002,10666.563333333334,11.199886000000001,3,Greed,71.0,0.0,0,0.0
0x4f93fead39b70a1824f981a54d4e55b278e9f760,2024-07-30,0.0,0.0,0.0,0.0,0.0,36006.47,6001.078333333334,12.602264,6,Greed,67.0,0.0,0,0.0
0x4f93fead39b70a1824f981a54d4e55b278e9f760,2024-07-31,0.0,0.0,0.0,0.0,0.0,40005.14,13335.046666666667,14.001799000000002,3,Greed,61.0,0.0,0,0.0
0x4f93fead39b70a1824f981a54d4e55b278e9f760,2024-08-01,0.0,0.0,0.0,0.0,0.0,143995.01,11076.539230769231,50.398244999999996,13,Neutral,52.0,0.0,0,0.0
0x4f93fead39b70a1824f981a54d4e55b278e9f760,2024-08-02,0.0,0.0,0.0,0.0,0.0,295967.16,8221.31,103.58846199999999,36,Greed,57.0,0.0,0,0.0
0x4f93fead39b70a1824f981a54d4e55b278e9f760,2024-08-03,0.0,0.0,0.0,0.0,0.0,112478.98999999999,8652.23,39.367641,13,Fear,37.0,0.0,0,0.0
0x4f93fead39b70a1824f981a54d4e55b278e9f760,2024-08-04,-108604.496278,-1508.395781638889,4571.24267672697,-18360.67007,0.0,901551.09,12521.542916666665,315.542853,72,Fear,34.0,0.0,0,108604.496278
0x4f93fead39b70a1824f981a54d4e55b278e9f760,2024-08-05,-4779.219012,-281.130530117647,1044.042744408268,-4308.400952,0.0,213738.16,12572.832941176472,74.808346,17,Fear,26.0,0.0,0,4779.219012
0x4f93fead39b70a1824f981a54d4e55b278e9f760,2024-08-09,11147.900554,928.9917128333333,962.0730295915045,0.0,2489.384392,132038.0,11003.166666666666,46.213288,12,Neutral,48.0,0.75,0,0.0
0x4f93fead39b70a1824f981a54d4e55b278e9f760,2024-08-11,847.7766200000001,105.97207750000001,137.12604784290517,0.0,311.74803,40839.850000000006,5104.981250000001,14.293947,8,Fear,39.0,0.5,0,0.0
0x4f93fead39b70a1824f981a54d4e55b278e9f760,2024-08-12,858.6705000000001,53.666906250000004,105.10496787199908,0.0,333.5,44140.4,2758.775,15.449134,16,Fear,25.0,0.375,0,0.0
0x4f93fead39b70a1824f981a54d4e55b278e9f760,2024-08-13,0.0,0.0,0.0,0.0,0.0,12500.1,2500.02,4.375033999999999,5,Fear,31.0,0.0,0,0.0
0x4f93fead39b70a1824f981a54d4e55b278e9f760,2024-08-14,2168.9015130000003,240.98905700000003,532.1122617086244,0.0,1640.348801,64666.34,7185.148888888889,22.633216,9,Fear,30.0,0.5555555555555556,0,0.0
0x4f93fead39b70a1824f981a54d4e55b278e9f760,2024-08-16,0.0,0.0,0.0,0.0,0.0,12500.130000000001,6250.0650000000005,4.3750469999999995,2,Fear,27.0,0.0,0,0.0
0x4f93fead39b70a1824f981a54d4e55b278e9f760,2024-08-18,307.201888,21.942992,31.537463840542046,0.0,116.490792,62804.47,4486.033571428571,21.981557000000002,14,Fear,31.0,0.8571428571428571,0,0.0
0x4f93fead39b70a1824f981a54d4e55b278e9f760,2024-08-20,192.602844,24.0753555,68.09538853410737,0.0,192.602844,42417.87,5302.23375,14.846248,8,Fear,30.0,0.125,0,0.0
0x4f93fead39b70a1824f981a54d4e55b278e9f760,2024-08-23,1005.30527,100.53052699999999,280.4841642773341,0.0,895.59034,63509.56,6350.956,22.228341999999998,10,Fear,34.0,0.3,0,0.0
0x4f93fead39b70a1824f981a54d4e55b278e9f760,2024-08-24,0.0,0.0,0.0,0.0,0.0,15000.07,7500.035,5.250025,2,Greed,56.0,0.0,0,0.0
0x4f93fead39b70a1824f981a54d4e55b278e9f760,2024-08-25,0.0,0.0,0.0,0.0,0.0,14996.33,3749.0825,5.248717,4,Neutral,54.0,0.0,0,0.0
0x4f93fead39b70a1824f981a54d4e55b278e9f760,2024-08-26,231.236918,46.2473836,63.93962575484458,0.0,128.10744,92263.52,18452.704,32.292232,5,Greed,55.0,0.4,0,0.0
0x4f93fead39b70a1824f981a54d4e55b278e9f760,2024-08-27,0.0,0.0,0.0,0.0,0.0,65005.19,9286.455714285714,22.751812,7,Neutral,48.0,0.0,0,0.0
0x4f93fead39b70a1824f981a54d4e55b278e9f760,2024-08-28,0.0,0.0,0.0,0.0,0.0,47494.56,6784.937142857142,16.623098,7,Fear,30.0,0.0,0,0.0
0x4f93fead39b70a1824f981a54d4e55b278e9f760,2024-08-30,0.0,0.0,0.0,0.0,0.0,27492.550000000003,9164.183333333334,9.622392,3,Fear,34.0,0.0,0,0.0
0x4f93fead39b70a1824f981a54d4e55b278e9f760,2024-09-02,0.0,0.0,0.0,0.0,0.0,30000.42,15000.21,10.500148,2,Fear,26.0,0.0,0,0.0
0x4f93fead39b70a1824f981a54d4e55b278e9f760,2024-09-04,0.0,0.0,,0.0,0.0,35004.98,35004.98,12.251742,1,Fear,27.0,0.0,0,0.0
0x4f93fead39b70a1824f981a54d4e55b278e9f760,2024-09-06,0.0,0.0,0.0,0.0,0.0,34990.67,8747.6675,12.246734,4,Fear,22.0,0.0,0,0.0
0x4f93fead39b70a1824f981a54d4e55b278e9f760,2024-09-20,9585.03428,798.7528566666666,2303.819847803142,-1.88976,8098.26873,304571.61,25380.9675,106.600063,12,Neutral,54.0,0.6666666666666666,0,0.0
0x4f93fead39b70a1824f981a54d4e55b278e9f760,2024-09-22,0.0,0.0,0.0,0.0,0.0,19999.739999999998,6666.579999999999,6.999907,3,Neutral,52.0,0.0,0,0.0
0x4f93fead39b70a1824f981a54d4e55b278e9f760,2024-09-23,334.760796,167.380398,236.7116289270065,0.0,334.760796,40334.29,20167.145,14.117002000000001,2,Neutral,50.0,0.5,0,0.0
0x4f93fead39b70a1824f981a54d4e55b278e9f760,2024-09-25,0.0,0.0,0.0,0.0,0.0,50001.11,8333.518333333333,17.500387999999997,6,Greed,59.0,0.0,0,0.0
0x4f93fead39b70a1824f981a54d4e55b278e9f760,2024-09-26,439.812513,146.604171,251.14774566213526,0.0,436.598672,80440.42,26813.47333333333,28.154144,3,Neutral,50.0,0.6666666666666666,0,0.0
0x4f93fead39b70a1824f981a54d4e55b278e9f760,2024-09-27,0.0,0.0,0.0,0.0,0.0,99992.31999999999,9999.232,34.997307,10,Greed,61.0,0.0,0,0.0
0x4f93fead39b70a1824f981a54d4e55b278e9f760,2024-09-30,2710.626288,542.1252575999999,344.89190682872885,337.799772,1153.42628,117281.06,23456.212,35.055712,5,Greed,61.0,1.0,0,0.0
0x513b8629fe877bb581bf244e326a047b249c4ff1,2024-12-09,0.0,0.0,0.0,0.0,0.0,70653.29,1682.2211904761903,1.90281219,42,Greed,78.0,0.0,0,0.0
0x513b8629fe877bb581bf244e326a047b249c4ff1,2024-12-12,0.0,0.0,0.0,0.0,0.0,296563.81,3332.177640449438,5.42675177,89,Greed,83.0,0.0,0,0.0
0x513b8629fe877bb581bf244e326a047b249c4ff1,2024-12-15,0.0,0.0,0.0,0.0,0.0,117435.62,4194.129285714285,1.7473268100000001,28,Greed,80.0,0.0,0,0.0
0x513b8629fe877bb581bf244e326a047b249c4ff1,2024-12-19,0.0,0.0,0.0,0.0,0.0,242679.37,3791.86515625,3.30336134,64,Greed,75.0,0.0,0,0.0
0x513b8629fe877bb581bf244e326a047b249c4ff1,2025-02-14,194499.072534,419.1790356336207,860.971938080937,1.102835,10308.83318,921831.01,1986.7047629310346,309.734741,464,Neutral,48.0,1.0,0,0.0
0x513b8629fe877bb581bf244e326a047b249c4ff1,2025-02-17,0.0,0.0,0.0,0.0,0.0,921521.26,3155.894726027397,11.76278358,292,Neutral,51.0,0.0,0,0.0
0x513b8629fe877bb581bf244e326a047b249c4ff1,2025-03-17,0.0,0.0,0.0,0.0,0.0,320068.24,9144.806857142858,107.542891,35,Fear,32.0,0.0,0,0.0
0x513b8629fe877bb581bf244e326a047b249c4ff1,2025-03-18,5429.87424,904.97904,2027.9839698377662,0.24696,5041.52964,258623.93000000002,43103.988333333335,24.827891,6,Fear,34.0,1.0,0,0.0
0x513b8629fe877bb581bf244e326a047b249c4ff1,2025-03-19,13272.411278,99.792566,340.4692070028226,-102.25116,2264.435214,863420.6900000001,6491.884887218045,255.50186300000001,133,Fear,32.0,0.15037593984962405,0,0.0
0x513b8629fe877bb581bf244e326a047b249c4ff1,2025-03-20,3865.013572,51.53351429333333,65.85477860110026,0.019728,339.5781,104381.48,1391.7530666666667,10.415377,75,Neutral,49.0,1.0,0,0.0
0x513b8629fe877bb581bf244e326a047b249c4ff1,2025-03-27,0.0,0.0,0.0,0.0,0.0,158959.64,2064.410909090909,53.410361,77,Fear,40.0,0.0,0,0.0
0x513b8629fe877bb581bf244e326a047b249c4ff1,2025-03-28,1470.407794,17.50485469047619,46.51803155925366,0.114453,421.580621,160429.83,1909.8789285714283,53.904336,84,Fear,44.0,1.0,0,0.0
0x513b8629fe877bb581bf244e326a047b249c4ff1,2025-04-01,0.0,0.0,0.0,0.0,0.0,179501.53,13807.81,17.232134000000002,13,Fear,34.0,0.0,0,0.0
0x513b8629fe877bb581bf244e326a047b249c4ff1,2025-04-03,0.0,0.0,0.0,0.0,0.0,110787.03,2260.9597959183675,15.327551,49,Fear,25.0,0.0,0,0.0
0x513b8629fe877bb581bf244e326a047b249c4ff1,2025-04-05,0.0,0.0,0.0,0.0,0.0,86259.65,2537.0485294117643,23.31552,34,Fear,30.0,0.0,0,0.0
0x513b8629fe877bb581bf244e326a047b249c4ff1,2025-04-07,-37999.868086,-499.9982642894737,2558.0811442574036,-21333.46888,1538.04582,529712.57,6969.902236842105,98.414251,76,Fear,23.0,0.07894736842105263,0,42182.905726
0x513b8629fe877bb581bf244e326a047b249c4ff1,2025-04-08,3131.840108,21.16108181081081,184.0909988645716,0.0,2013.801309,1430720.55,9667.030743243244,137.349014,148,Fear,24.0,0.10810810810810811,0,0.0
0x513b8629fe877bb581bf244e326a047b249c4ff1,2025-04-09,-36253.792726,-297.1622354590164,3122.58903893995,-29370.1198,1014.453736,1376396.0999999999,11281.935245901639,301.804613,122,Fear,18.0,0.680327868852459,0,49935.223704
0x513b8629fe877bb581bf244e326a047b249c4ff1,2025-04-10,22908.117384,67.97660944807122,319.91449199981236,-3.39132,4200.0,8621968.6,25584.4765578635,1496.682866,337,Fear,39.0,0.7240356083086054,0,3.4337999999999997
0x513b8629fe877bb581bf244e326a047b249c4ff1,2025-04-11,0.0,0.0,0.0,0.0,0.0,2161623.49,33255.74600000001,191.626505,65,Fear,25.0,0.0,0,0.0
0x513b8629fe877bb581bf244e326a047b249c4ff1,2025-04-12,88152.006818,70.46523326778576,731.9595629163008,-550.75536,19530.5225,51250451.44,40967.58708233413,10554.753586,1251,Fear,43.0,0.15587529976019185,0,0.0
0x513b8629fe877bb581bf244e326a047b249c4ff1,2025-04-13,11239.437228,39.43662185263158,158.07573884635713,0.0,1592.193389,9047544.72,31745.770947368423,1853.425964,285,Neutral,45.0,0.3017543859649123,0,0.0
0x513b8629fe877bb581bf244e326a047b249c4ff1,2025-04-14,7922.167264999999,34.444205499999995,303.59592476615353,-2762.143559,1710.892729,8793628.31,38233.16656521739,1348.722326,230,Fear,31.0,0.25217391304347825,0,6426.461112999997
0x513b8629fe877bb581bf244e326a047b249c4ff1,2025-04-15,40966.673478000004,56.041960982216146,273.5461138221559,0.0,3603.969558,18452080.43,25242.244090287277,1411.8902679999999,731,Fear,38.0,0.5923392612859097,0,0.0
0x513b8629fe877bb581bf244e326a047b249c4ff1,2025-04-16,41498.141783,46.83763180925508,413.174961061234,-1158.847848,8584.724704,34759929.84,39232.42645598194,5697.318453,886,Fear,29.0,0.3860045146726862,0,6046.3703160000005
0x513b8629fe877bb581bf244e326a047b249c4ff1,2025-04-17,0.0,0.0,0.0,0.0,0.0,738096.51,147619.302,0.0,5,Fear,30.0,0.0,0,0.0
0x513b8629fe877bb581bf244e326a047b249c4ff1,2025-04-18,43400.145539,114.51225735883904,371.4451604313641,0.0,3266.217216,22266842.28,58751.562744063325,4181.767321,379,Fear,33.0,0.762532981530343,0,0.0
0x513b8629fe877bb581bf244e326a047b249c4ff1,2025-04-19,62373.791703999996,97.91804035164834,514.6635503465149,0.0,10024.26205,27480723.29,43140.85288854003,5179.546923,637,Fear,32.0,0.35949764521193095,0,0.0
0x513b8629fe877bb581bf244e326a047b249c4ff1,2025-04-20,0.0,0.0,0.0,0.0,0.0,8411089.25,52569.3078125,1033.35275,160,Fear,37.0,0.0,0,0.0
0x513b8629fe877bb581bf244e326a047b249c4ff1,2025-04-21,39772.479641,45.76810085270426,735.3405714406287,-6123.212194,18713.88918,40012549.38,46044.36062140392,5948.44489,869,Fear,39.0,0.36363636363636365,0,0.0
0x513b8629fe877bb581bf244e326a047b249c4ff1,2025-04-22,73209.060448,175.14129293779905,976.7145531041688,0.0,18022.9584,26170409.74,62608.63574162679,3736.434319,418,Neutral,47.0,0.44258373205741625,0,0.0
0x513b8629fe877bb581bf244e326a047b249c4ff1,2025-04-23,1656.211757,7.849344819905213,19.819735041987517,-32.56364,121.079448,11516582.93,54580.961753554504,2648.813974,211,Greed,72.0,0.5592417061611374,0,86.13719999999999
0x513b8629fe877bb581bf244e326a047b249c4ff1,2025-04-24,35332.403093,52.577980793154765,259.5795717583853,-56.678733,3622.511061,31682571.34,47146.683541666665,6707.427787,672,Greed,63.0,0.45089285714285715,0,0.0
0x513b8629fe877bb581bf244e326a047b249c4ff1,2025-04-25,8410.75479,16.855220020040083,52.504266186109696,0.0,487.298826,24878050.18,49855.811983967935,5721.951347,499,Greed,60.0,0.5971943887775552,0,0.0
0x513b8629fe877bb581bf244e326a047b249c4ff1,2025-04-26,0.0,0.0,0.0,0.0,0.0,11004470.02,35046.08286624204,2531.027945,314,Greed,65.0,0.0,0,0.0
0x513b8629fe877bb581bf244e326a047b249c4ff1,2025-04-28,37973.605394,58.06361681039755,550.2021644970722,-4498.11884,6925.515597,25087715.08,38360.42061162079,5770.1741600000005,654,Neutral,54.0,0.5336391437308868,0,31201.485916
0x513b8629fe877bb581bf244e326a047b249c4ff1,2025-04-29,117648.295306,118.5970718810484,626.0237040508127,0.0,8633.812548,31886938.4,32144.09112903226,4727.304068,992,Greed,60.0,0.4778225806451613,0,0.0
0x513b8629fe877bb581bf244e326a047b249c4ff1,2025-04-30,0.0,0.0,0.0,0.0,0.0,11030686.27,22932.819688149688,2532.342389,481,Greed,56.0,0.0,0,0.0
0x513b8629fe877bb581bf244e326a047b249c4ff1,2025-05-01,60544.304874,184.0252427781155,699.6945795802749,0.0,9460.46376,7472659.26,22713.250030395135,1718.711472,329,Neutral,53.0,0.7173252279635258,0,0.0
0x72c6a4624e1dffa724e6d00d64ceae698af892a0,2024-09-20,0.0,0.0,0.0,0.0,0.0,28301.77,7075.4425,2.716968,4,Neutral,54.0,0.0,0,0.0
0x72c6a4624e1dffa724e6d00d64ceae698af892a0,2024-09-24,0.0,0.0,,0.0,0.0,6113.57,6113.57,0.586902,1,Neutral,54.0,0.0,0,0.0
0x72c6a4624e1dffa724e6d00d64ceae698af892a0,2024-09-25,0.0,0.0,0.0,0.0,0.0,2753.02,917.6733333333333,0.264289,3,Greed,59.0,0.0,0,0.0
0x72c6a4624e1dffa724e6d00d64ceae698af892a0,2024-09-26,0.0,0.0,0.0,0.0,0.0,33271.51,6654.302000000001,3.19406,5,Neutral,50.0,0.0,0,0.0
0x72c6a4624e1dffa724e6d00d64ceae698af892a0,2024-09-27,0.0,0.0,0.0,0.0,0.0,26104.72,567.4939130434783,2.506004,46,Greed,61.0,0.0,0,0.0
0x72c6a4624e1dffa724e6d00d64ceae698af892a0,2024-09-28,0.0,0.0,0.0,0.0,0.0,29199.21,7299.8025,2.8031200000000003,4,Greed,64.0,0.0,0,0.0
0x72c6a4624e1dffa724e6d00d64ceae698af892a0,2024-09-30,0.0,0.0,0.0,0.0,0.0,37388.95,389.4682291666666,3.589268,96,Greed,61.0,0.0,0,0.0
0x72c6a4624e1dffa724e6d00d64ceae698af892a0,2024-10-25,8692.0,1738.4,3251.906850691785,8.27913,7525.631385,23296.0,4659.2,2.236411,5,Greed,72.0,1.0,0,0.0
0x72c6a4624e1dffa724e6d00d64ceae698af892a0,2024-11-29,573.585288,573.585288,,573.585288,573.585288,573.59,573.59,0.055063,1,Greed,78.0,1.0,0,0.0
0x72c6a4624e1dffa724e6d00d64ceae698af892a0,2024-12-12,0.0,0.0,0.0,0.0,0.0,23755.55,1397.385294117647,2.280519,17,Greed,83.0,0.0,0,0.0
0x72c6a4624e1dffa724e6d00d64ceae698af892a0,2024-12-13,0.0,0.0,0.0,0.0,0.0,88556.4,2951.8799999999997,8.501389,30,Greed,76.0,0.0,0,0.0
0x72c6a4624e1dffa724e6d00d64ceae698af892a0,2024-12-14,0.0,0.0,0.0,0.0,0.0,87816.93,2042.2541860465114,8.430394,43,Greed,83.0,0.0,0,0.0
0x72c6a4624e1dffa724e6d00d64ceae698af892a0,2024-12-15,0.0,0.0,0.0,0.0,0.0,22500.0,2812.5,2.1599950000000003,8,Greed,80.0,0.0,0,0.0
0x72c6a4624e1dffa724e6d00d64ceae698af892a0,2024-12-16,0.0,0.0,0.0,0.0,0.0,64034.549999999996,1561.8182926829268,6.147281,41,Greed,83.0,0.0,0,0.0
0x72c6a4624e1dffa724e6d00d64ceae698af892a0,2024-12-17,0.0,0.0,0.0,0.0,0.0,44100.09,3150.0064285714284,4.233596,14,Greed,87.0,0.0,0,0.0
0x72c6a4624e1dffa724e6d00d64ceae698af892a0,2024-12-18,0.0,0.0,0.0,0.0,0.0,99399.99,3206.451290322581,9.542376,31,Greed,81.0,0.0,0,0.0
0x72c6a4624e1dffa724e6d00d64ceae698af892a0,2024-12-19,0.0,0.0,,0.0,0.0,24880.0,24880.0,2.38848,1,Greed,75.0,0.0,0,0.0
0x72c6a4624e1dffa724e6d00d64ceae698af892a0,2024-12-20,0.0,0.0,0.0,0.0,0.0,115392.0,4121.142857142857,11.07761,28,Greed,74.0,0.0,0,0.0
0x72c6a4624e1dffa724e6d00d64ceae698af892a0,2024-12-23,0.0,0.0,0.0,0.0,0.0,119772.27,3422.0648571428574,11.498103,35,Greed,70.0,0.0,0,0.0
0x72c6a4624e1dffa724e6d00d64ceae698af892a0,2024-12-25,0.0,0.0,,0.0,0.0,28677.0,28677.0,2.752992,1,Greed,73.0,0.0,0,0.0
0x72c6a4624e1dffa724e6d00d64ceae698af892a0,2024-12-27,0.0,0.0,0.0,0.0,0.0,56700.01,9450.001666666667,5.443196,6,Greed,74.0,0.0,0,0.0
0x72c6a4624e1dffa724e6d00d64ceae698af892a0,2024-12-28,0.0,0.0,0.0,0.0,0.0,81819.74,2406.462941176471,7.8546689999999995,34,Greed,72.0,0.0,0,0.0
0x72c6a4624e1dffa724e6d00d64ceae698af892a0,2024-12-29,0.0,0.0,0.0,0.0,0.0,70087.78,5006.2699999999995,6.728418,14,Greed,73.0,0.0,0,0.0
0x72c6a4624e1dffa724e6d00d64ceae698af892a0,2024-12-30,0.0,0.0,0.0,0.0,0.0,35883.59,2392.239333333333,3.444814,15,Greed,65.0,0.0,0,0.0
0x72c6a4624e1dffa724e6d00d64ceae698af892a0,2025-01-02,0.0,0.0,0.0,0.0,0.0,26682.58,8894.193333333335,2.5615259999999997,3,Greed,70.0,0.0,0,0.0
0x72c6a4624e1dffa724e6d00d64ceae698af892a0,2025-01-03,0.0,0.0,0.0,0.0,0.0,36394.5,6065.75,3.493867,6,Greed,74.0,0.0,0,0.0
0x72c6a4624e1dffa724e6d00d64ceae698af892a0,2025-01-04,0.0,0.0,,0.0,0.0,2128.95,2128.95,0.204379,1,Greed,73.0,0.0,0,0.0
0x72c6a4624e1dffa724e6d00d64ceae698af892a0,2025-01-05,0.0,0.0,0.0,0.0,0.0,22909.5,2863.6875,2.199305,8,Greed,72.0,0.0,0,0.0
0x72c6a4624e1dffa724e6d00d64ceae698af892a0,2025-01-06,0.0,0.0,0.0,0.0,0.0,72771.21,2910.8484000000003,6.986013,25,Greed,76.0,0.0,0,0.0
0x72c6a4624e1dffa724e6d00d64ceae698af892a0,2025-01-09,10647.977,10647.977,,10647.977,10647.977,38563.98,38563.98,3.702142,1,Greed,69.0,1.0,0,0.0
0x72c6a4624e1dffa724e6d00d64ceae698af892a0,2025-01-24,0.0,0.0,0.0,0.0,0.0,4517.8,2258.9,0.018815909999999998,2,Greed,75.0,0.0,0,0.0
0x72c6a4624e1dffa724e6d00d64ceae698af892a0,2025-01-25,0.0,0.0,0.0,0.0,0.0,55742.0,3981.5714285714284,0.23434225,14,Greed,75.0,0.0,0,0.0
0x72c6a4624e1dffa724e6d00d64ceae698af892a0,2025-01-26,262.95,4.78090909090909,14.140605197343502,0.0,76.2,91959.79000000001,1671.9961818181819,8.828095,55,Greed,73.0,0.2909090909090909,0,0.0
0x72c6a4624e1dffa724e6d00d64ceae698af892a0,2025-01-27,0.0,0.0,,0.0,0.0,11300.0,11300.0,1.0848,1,Greed,71.0,0.0,0,0.0
0x72c6a4624e1dffa724e6d00d64ceae698af892a0,2025-01-28,1474.79,21.06842857142857,53.36266808750735,0.0,401.235,113418.54,1620.264857142857,10.888123,70,Greed,72.0,0.5428571428571428,0,0.0
0x72c6a4624e1dffa724e6d00d64ceae698af892a0,2025-02-02,0.0,0.0,0.0,0.0,0.0,30974.56,837.1502702702703,2.973523,37,Greed,60.0,0.0,0,0.0
0x72c6a4624e1dffa724e6d00d64ceae698af892a0,2025-02-04,0.0,0.0,,0.0,0.0,15000.0,15000.0,1.44,1,Greed,72.0,0.0,0,0.0
0x72c6a4624e1dffa724e6d00d64ceae698af892a0,2025-02-07,0.0,0.0,0.0,0.0,0.0,41737.450000000004,772.9157407407408,4.006744,54,Fear,44.0,0.0,0,0.0
0x72c6a4624e1dffa724e6d00d64ceae698af892a0,2025-02-10,0.0,0.0,0.0,0.0,0.0,52946.94,2206.1225,5.082878,24,Fear,43.0,0.0,0,0.0
0x72c6a4624e1dffa724e6d00d64ceae698af892a0,2025-02-14,0.0,0.0,0.0,0.0,0.0,15294.55,3058.91,1.468272,5,Neutral,48.0,0.0,0,0.0
0x72c6a4624e1dffa724e6d00d64ceae698af892a0,2025-02-15,0.0,0.0,0.0,0.0,0.0,11400.0,1628.5714285714287,1.094397,7,Neutral,50.0,0.0,0,0.0
0x72c6a4624e1dffa724e6d00d64ceae698af892a0,2025-02-16,0.0,0.0,0.0,0.0,0.0,9900.0,1650.0,0.950397,6,Neutral,54.0,0.0,0,0.0
0x72c6a4624e1dffa724e6d00d64ceae698af892a0,2025-02-18,0.0,0.0,0.0,0.0,0.0,6310.99,701.2211111111111,0.605851,9,Neutral,47.0,0.0,0,0.0
0x72c6a4624e1dffa724e6d00d64ceae698af892a0,2025-02-21,0.0,0.0,0.0,0.0,0.0,6737.94,374.33,0.646828,18,Greed,55.0,0.0,0,0.0
0x72c6a4624e1dffa724e6d00d64ceae698af892a0,2025-02-22,0.0,0.0,0.0,0.0,0.0,14533.33,1038.095,1.39519,14,Neutral,49.0,0.0,0,0.0
0x72c6a4624e1dffa724e6d00d64ceae698af892a0,2025-02-25,81776.7151,596.9103291970803,1356.7315305282486,0.0,9870.14273,265784.58999999997,1940.033503649635,25.515211,137,Fear,25.0,0.9927007299270073,0,0.0
0x72c6a4624e1dffa724e6d00d64ceae698af892a0,2025-02-26,8230.0,8230.0,,8230.0,8230.0,23710.0,23710.0,2.27616,1,Fear,21.0,1.0,0,0.0
0x72c6a4624e1dffa724e6d00d64ceae698af892a0,2025-02-27,8517.7655,655.2127307692307,760.5171148234288,75.994715,2955.435055,26769.52,2059.193846153846,2.569862,13,Fear,10.0,1.0,0,0.0
0x72c6a4624e1dffa724e6d00d64ceae698af892a0,2025-02-28,15700.5,5233.5,7943.914393224363,0.0,14374.3311,22702.71,7567.57,2.835787,3,Fear,16.0,0.6666666666666666,0,0.0
0x72c6a4624e1dffa724e6d00d64ceae698af892a0,2025-03-01,0.0,0.0,0.0,0.0,0.0,11079.01,791.3578571428571,1.06357,14,Fear,20.0,0.0,0,0.0
0x72c6a4624e1dffa724e6d00d64ceae698af892a0,2025-03-02,10915.212,436.60848,1120.6627360723437,3.721095,5565.517755,34151.01,1366.0404,3.278486,25,Fear,26.0,1.0,0,0.0
0x72c6a4624e1dffa724e6d00d64ceae698af892a0,2025-03-03,17247.427499999998,1077.9642187499999,1812.6169990511912,0.0,6320.600835,60552.15,3784.509375,5.8129919999999995,16,Fear,33.0,0.625,0,0.0
0x72c6a4624e1dffa724e6d00d64ceae698af892a0,2025-03-04,169132.29611,1091.1761039354838,3522.528888200614,-1298.8288,27223.7415,469661.83,3030.0763225806454,45.087396,155,Fear,15.0,0.4967741935483871,0,0.0
0x72c6a4624e1dffa724e6d00d64ceae698af892a0,2025-03-07,0.0,0.0,0.0,0.0,0.0,4965.01,496.50100000000003,0.476632,10,Fear,34.0,0.0,0,0.0
0x72c6a4624e1dffa724e6d00d64ceae698af892a0,2025-03-08,0.0,0.0,0.0,0.0,0.0,3362.0,480.2857142857143,0.322746,7,Fear,28.0,0.0,0,0.0
0x72c6a4624e1dffa724e6d00d64ceae698af892a0,2025-03-09,0.0,0.0,0.0,0.0,0.0,4890.49,232.88047619047617,0.46947500000000003,21,Fear,27.0,0.0,0,0.0
0x72c6a4624e1dffa724e6d00d64ceae698af892a0,2025-03-10,-2680.0,-76.57142857142857,131.8156675985771,-520.4694,0.0,23760.49,678.8711428571429,2.28098,35,Fear,20.0,0.0,0,2680.0
0x72c6a4624e1dffa724e6d00d64ceae698af892a0,2025-03-15,0.0,0.0,,0.0,0.0,5925.5,5925.5,0.568848,1,Neutral,46.0,0.0,0,0.0
0x72c6a4624e1dffa724e6d00d64ceae698af892a0,2025-04-12,-3546.9,-295.575,419.6837478492799,-1372.631,0.0,18973.91,1581.1591666666666,3.799278,12,Fear,43.0,0.0,0,3546.9
0x72c6a4624e1dffa724e6d00d64ceae698af892a0,2025-04-13,-4526.698469,-905.3396938,1649.999521129925,-3852.37259,-9.506007,10200.0,2040.0,0.9791970000000001,5,Neutral,45.0,0.0,0,4526.698469
0x72c6a4624e1dffa724e6d00d64ceae698af892a0,2025-04-14,7848.0,2616.0,3009.8368081286703,293.20128,6016.2768,8027.5,2675.8333333333335,0.7706379999999999,3,Fear,31.0,1.0,0,0.0
0x72c6a4624e1dffa724e6d00d64ceae698af892a0,2025-04-15,6335.6,1055.9333333333334,1023.7929337248152,1.42551,2189.74175,8664.4,1444.0666666666666,0.8317760000000001,6,Fear,38.0,1.0,0,0.0
0x72c6a4624e1dffa724e6d00d64ceae698af892a0,2025-04-16,14609.800000000001,332.0409090909091,778.4739743287786,6.5712,4451.2875,36300.0,825.0,3.4847770000000002,44,Fear,29.0,1.0,0,0.0
0x72c6a4624e1dffa724e6d00d64ceae698af892a0,2025-04-20,18374.63,334.08418181818183,1795.2242630613332,-3968.95225,11448.9135,62440.0,1135.2727272727273,5.994203,55,Fear,37.0,0.8545454545454545,0,6975.75
0x72c6a4624e1dffa724e6d00d64ceae698af892a0,2025-04-21,-9046.14,-532.1258823529412,1260.6378060851118,-3903.0992,749.4474,28952.5,1703.0882352941176,2.7794250000000003,17,Fear,39.0,0.4117647058823529,0,9046.14
0x8381e6d82f1affd39a336e143e081ef7620a3b7f,2024-11-29,0.0,0.0,0.0,0.0,0.0,2004.8999999999999,668.3,0.17494357000000002,3,Greed,78.0,0.0,0,0.0
0x8381e6d82f1affd39a336e143e081ef7620a3b7f,2024-12-01,0.0,0.0,0.0,0.0,0.0,2998.76,999.5866666666667,1.049569,3,Greed,81.0,0.0,0,0.0
0x8381e6d82f1affd39a336e143e081ef7620a3b7f,2024-12-02,0.0,0.0,0.0,0.0,0.0,2043.92,340.65333333333336,0.43464074,6,Greed,80.0,0.0,0,0.0
0x8381e6d82f1affd39a336e143e081ef7620a3b7f,2024-12-04,33.26141600000001,3.326141600000001,50.75141365282675,-75.381453,131.31216,6696.09,669.609,1.54664128,10,Greed,78.0,0.2,0,99.225974
0x8381e6d82f1affd39a336e143e081ef7620a3b7f,2024-12-05,0.0,0.0,0.0,0.0,0.0,588.53,294.265,0.01519692,2,Greed,84.0,0.0,0,0.0
0x8381e6d82f1affd39a336e143e081ef7620a3b7f,2024-12-06,0.0,0.0,,0.0,0.0,292.11,292.11,0.00232193,1,Greed,72.0,0.0,0,0.0
0x8381e6d82f1affd39a336e143e081ef7620a3b7f,2024-12-07,0.0,0.0,0.0,0.0,0.0,3063.8900000000003,1021.2966666666667,0.02168289,3,Greed,75.0,0.0,0,0.0
0x8381e6d82f1affd39a336e143e081ef7620a3b7f,2024-12-08,-21.54374,-4.308748,8.216116114921332,-18.85823,0.0,4923.79,984.758,1.01392597,5,Greed,79.0,0.0,0,21.54374
0x8381e6d82f1affd39a336e143e081ef7620a3b7f,2024-12-09,0.0,0.0,0.0,0.0,0.0,1763.8,440.95,0.02488189,4,Greed,78.0,0.0,0,0.0
0x8381e6d82f1affd39a336e143e081ef7620a3b7f,2024-12-10,0.0,0.0,,0.0,0.0,587.97,587.97,0.00478794,1,Greed,78.0,0.0,0,0.0
0x8381e6d82f1affd39a336e143e081ef7620a3b7f,2024-12-13,0.0,0.0,0.0,0.0,0.0,386.65,128.88333333333333,0.00793096,3,Greed,76.0,0.0,0,0.0
0x8381e6d82f1affd39a336e143e081ef7620a3b7f,2024-12-15,0.0,0.0,0.0,0.0,0.0,3698.13,739.626,0.031883879999999996,5,Greed,80.0,0.0,0,0.0
0x8381e6d82f1affd39a336e143e081ef7620a3b7f,2024-12-19,0.0,0.0,,0.0,0.0,1399.11,1399.11,0.00611499,1,Greed,75.0,0.0,0,0.0
0x8381e6d82f1affd39a336e143e081ef7620a3b7f,2024-12-22,0.0,0.0,,0.0,0.0,2815.79,2815.79,0.00936097,1,Greed,73.0,0.0,0,0.0
0x8381e6d82f1affd39a336e143e081ef7620a3b7f,2024-12-23,0.0,0.0,0.0,0.0,0.0,17133.940000000002,2855.656666666667,0.06298988,6,Greed,70.0,0.0,0,0.0
0x8381e6d82f1affd39a336e143e081ef7620a3b7f,2024-12-26,0.0,0.0,0.0,0.0,0.0,3828.0,1914.0,0.013980959999999999,2,Greed,79.0,0.0,0,0.0
0x8381e6d82f1affd39a336e143e081ef7620a3b7f,2025-01-01,0.0,0.0,0.0,0.0,0.0,1004.01,200.802,0.01478382,5,Greed,66.0,0.0,0,0.0
0x8381e6d82f1affd39a336e143e081ef7620a3b7f,2025-01-04,0.0,0.0,0.0,0.0,0.0,1421.73,710.865,0.00615996,2,Greed,73.0,0.0,0,0.0
0x8381e6d82f1affd39a336e143e081ef7620a3b7f,2025-01-05,0.0,0.0,,0.0,0.0,456.83,456.83,0.00185097,1,Greed,72.0,0.0,0,0.0
0x8381e6d82f1affd39a336e143e081ef7620a3b7f,2025-01-09,0.0,0.0,0.0,0.0,0.0,6038.5599999999995,1509.6399999999999,0.10100993,4,Greed,69.0,0.0,0,0.0
0x8381e6d82f1affd39a336e143e081ef7620a3b7f,2025-01-18,0.0,0.0,0.0,0.0,0.0,20650.07,2950.0099999999998,0.11930629000000001,7,Greed,77.0,0.0,0,0.0
0x8381e6d82f1affd39a336e143e081ef7620a3b7f,2025-01-25,0.0,0.0,0.0,0.0,0.0,80577.65,3223.1059999999998,28.202164,25,Greed,75.0,0.0,0,0.0
0x8381e6d82f1affd39a336e143e081ef7620a3b7f,2025-01-26,38294.693499,311.33897153658535,847.0343024082057,0.0,5848.435718,932136.39,7578.344634146341,326.247666,123,Greed,73.0,0.6666666666666666,0,0.0
0x8381e6d82f1affd39a336e143e081ef7620a3b7f,2025-01-27,0.0,0.0,0.0,0.0,0.0,8887.98,4443.99,0.04196391,2,Greed,71.0,0.0,0,0.0
0x8381e6d82f1affd39a336e143e081ef7620a3b7f,2025-02-02,0.0,0.0,0.0,0.0,0.0,36931.96,1943.7873684210526,0.53399801,19,Greed,60.0,0.0,0,0.0
0x8381e6d82f1affd39a336e143e081ef7620a3b7f,2025-02-03,0.0,0.0,0.0,0.0,0.0,18810.28,2351.285,0.30528029,8,Fear,44.0,0.0,0,0.0
0x8381e6d82f1affd39a336e143e081ef7620a3b7f,2025-02-04,9167.620989,88.15020181730769,472.05399031609204,0.0,4645.751462,6044911.98,58124.15365384616,2115.719137,104,Greed,72.0,0.47115384615384615,0,0.0
0x8381e6d82f1affd39a336e143e081ef7620a3b7f,2025-02-05,1843.301845,5.6370087003058105,21.930405893500293,-11.802841,323.925313,767744.96,2347.8439143730884,119.89688567,327,Neutral,54.0,0.3853211009174312,0,0.0
0x8381e6d82f1affd39a336e143e081ef7620a3b7f,2025-02-06,71.77363,0.42978221556886226,1.8497889033909758,-3.529066,11.967864,314161.67,1881.207604790419,39.75071924,167,Neutral,49.0,0.23353293413173654,0,0.0
0x8381e6d82f1affd39a336e143e081ef7620a3b7f,2025-02-09,1259.5314,12.228460194174758,46.03688814419071,0.0,388.994168,708608.03,6879.689611650486,212.582348,103,Neutral,46.0,0.22330097087378642,0,0.0
0x8381e6d82f1affd39a336e143e081ef7620a3b7f,2025-02-10,0.0,0.0,0.0,0.0,0.0,10894.349999999999,1089.435,3.268301,10,Fear,43.0,0.0,0,0.0
0x8381e6d82f1affd39a336e143e081ef7620a3b7f,2025-02-11,109.90750199999998,0.52088863507109,25.999201348824897,-364.625892,49.0619,503396.55,2385.7656398104264,78.85202728,211,Neutral,47.0,0.3791469194312796,0,364.625892
0x8381e6d82f1affd39a336e143e081ef7620a3b7f,2025-02-12,2760.439779,34.07950344444444,112.26984983437958,0.0,954.392937,1003654.27,12390.793456790123,175.294547,81,Neutral,46.0,0.7037037037037037,0,0.0
0x8381e6d82f1affd39a336e143e081ef7620a3b7f,2025-02-13,1998.702085,47.58814488095238,42.30756574721817,0.013831,129.285388,85654.33,2039.3888095238096,25.696273,42,Neutral,50.0,1.0,0,0.0
0x8381e6d82f1affd39a336e143e081ef7620a3b7f,2025-02-14,27.247837999999998,0.68119595,2.5974044689440774,0.0,15.456752,17808.66,445.2165,2.77669532,40,Neutral,48.0,0.275,0,0.0
0x8381e6d82f1affd39a336e143e081ef7620a3b7f,2025-02-16,559.647247,6.9955905875,13.967148049600674,0.0,58.55753,109508.67,1368.858375,17.1429389,80,Neutral,54.0,0.425,0,0.0
0x8381e6d82f1affd39a336e143e081ef7620a3b7f,2025-02-17,64.346683,0.6128255523809524,2.115101228615693,0.0,14.036194,116786.7,1112.2542857142857,9.08480585,105,Neutral,51.0,0.1619047619047619,0,0.0
0x8381e6d82f1affd39a336e143e081ef7620a3b7f,2025-02-18,3981.044269,22.491775531073447,151.31779673827273,0.0,1882.567766,259505.77,1466.1342937853108,11.15622518,177,Neutral,47.0,0.15254237288135594,0,0.0
0x8381e6d82f1affd39a336e143e081ef7620a3b7f,2025-02-21,8995.13393,1124.39174125,2950.599002069827,5.461892,8424.257062,126876.4,15859.55,12.687638999999999,8,Greed,55.0,1.0,0,0.0
0x8381e6d82f1affd39a336e143e081ef7620a3b7f,2025-02-23,0.0,0.0,0.0,0.0,0.0,18908.36,472.709,0.27752462,40,Neutral,50.0,0.0,0,0.0
0x8381e6d82f1affd39a336e143e081ef7620a3b7f,2025-02-24,0.0,0.0,0.0,0.0,0.0,83374.23,1894.8688636363636,1.34109024,44,Neutral,49.0,0.0,0,0.0
0x8381e6d82f1affd39a336e143e081ef7620a3b7f,2025-02-25,0.0,0.0,0.0,0.0,0.0,14743.13,3685.7825,0.27318193,4,Fear,25.0,0.0,0,0.0
0x8381e6d82f1affd39a336e143e081ef7620a3b7f,2025-03-26,0.0,0.0,,0.0,0.0,1134.46,1134.46,0.00901796,1,Neutral,47.0,0.0,0,0.0
0x8381e6d82f1affd39a336e143e081ef7620a3b7f,2025-04-07,-4968.487948,-191.0956903076923,365.16835216096274,-1457.7349,0.0,197856.82,7609.877692307693,69.249872,26,Fear,23.0,0.0,0,4968.487948000001
0x8381e6d82f1affd39a336e143e081ef7620a3b7f,2025-04-08,142.99159,6.217025652173914,11.180549715645123,0.0,44.882288,91649.26,3984.7504347826084,32.077231,23,Fear,24.0,0.43478260869565216,0,0.0
0x8381e6d82f1affd39a336e143e081ef7620a3b7f,2025-04-11,0.0,0.0,0.0,0.0,0.0,20592.2,6864.066666666667,7.207268,3,Fear,25.0,0.0,0,0.0
0x8381e6d82f1affd39a336e143e081ef7620a3b7f,2025-04-12,202.27562,25.2844525,26.737524145829074,1.0098,80.98272,20794.37,2599.29625,7.2780249999999995,8,Fear,43.0,1.0,0,0.0
0x8381e6d82f1affd39a336e143e081ef7620a3b7f,2025-04-19,56.13971,2.551805,5.150458486417857,0.0,19.532761,14645.15,665.6886363636363,2.7150702,22,Fear,32.0,0.5,0,0.0
0x8381e6d82f1affd39a336e143e081ef7620a3b7f,2025-04-22,284.16768,142.08384,200.93689352204888,0.0,284.16768,132376.25,66188.125,46.331689,2,Neutral,47.0,0.5,0,0.0
0x8381e6d82f1affd39a336e143e081ef7620a3b7f,2025-04-23,0.0,0.0,0.0,0.0,0.0,71206.52,17801.63,24.922278000000002,4,Greed,72.0,0.0,0,0.0
0x8381e6d82f1affd39a336e143e081ef7620a3b7f,2025-04-26,505.40523,168.46841,321.33307071791705,-29.48496,539.22771,71711.93000000001,23903.97666666667,7.526466,3,Greed,65.0,0.3333333333333333,0,0.0
0x8381e6d82f1affd39a336e143e081ef7620a3b7f,2025-04-27,33.061386999999996,2.5431836153846152,6.349909454265333,0.0,19.802522,13419.3,1032.253846153846,0.8035166,13,Greed,61.0,0.15384615384615385,0,0.0
0x8381e6d82f1affd39a336e143e081ef7620a3b7f,2025-04-28,0.0,0.0,0.0,0.0,0.0,7997.5599999999995,799.756,0.15534364,10,Neutral,54.0,0.0,0,0.0
0x8381e6d82f1affd39a336e143e081ef7620a3b7f,2025-04-29,112.996265,112.996265,,112.996265,112.996265,8110.65,8110.65,0.811065,1,Greed,60.0,1.0,0,0.0
0xae5eacaf9c6b9111fd53034a602c192a04e082ed,2024-12-02,0.0,0.0,0.0,0.0,0.0,78277.3,1779.0295454545455,3.50139761,44,Greed,80.0,0.0,0,0.0
0xae5eacaf9c6b9111fd53034a602c192a04e082ed,2024-12-03,20925.513222,144.3138842896552,343.9884966698537,0.0,3008.231185,565317.04,3898.738206896552,197.860887,145,Greed,76.0,0.7241379310344828,0,0.0
0xae5eacaf9c6b9111fd53034a602c192a04e082ed,2024-12-04,0.0,0.0,,0.0,0.0,0.1,0.1,0.0,1,Greed,78.0,0.0,0,0.0
0xae5eacaf9c6b9111fd53034a602c192a04e082ed,2025-03-04,0.0,0.0,0.0,0.0,0.0,152639.03,7268.525238095238,51.286693,21,Fear,15.0,0.0,0,0.0
0xae5eacaf9c6b9111fd53034a602c192a04e082ed,2025-03-05,0.0,0.0,0.0,0.0,0.0,31505.8,3500.644444444444,10.585937999999999,9,Fear,20.0,0.0,0,0.0
0xae5eacaf9c6b9111fd53034a602c192a04e082ed,2025-03-11,0.0,0.0,0.0,0.0,0.0,27647.7,6911.925,9.289627,4,Fear,24.0,0.0,0,0.0
0xae5eacaf9c6b9111fd53034a602c192a04e082ed,2025-03-18,0.0,0.0,0.0,0.0,0.0,93534.85,2461.443421052632,31.427672,38,Fear,34.0,0.0,0,0.0
0xae5eacaf9c6b9111fd53034a602c192a04e082ed,2025-04-08,0.0,0.0,0.0,0.0,0.0,94574.77,2865.9021212121215,31.777091000000002,33,Fear,24.0,0.0,0,0.0
0xae5eacaf9c6b9111fd53034a602c192a04e082ed,2025-04-09,622.41079,47.87775307692308,78.00151699772948,0.0,256.625651,10298.349999999999,792.1807692307691,3.460236,13,Fear,18.0,0.46153846153846156,0,0.0
0xae5eacaf9c6b9111fd53034a602c192a04e082ed,2025-04-10,5615.909695,295.5741944736842,565.020738698329,32.12064,2370.488704,47249.91,2486.837368421053,15.875953,19,Fear,39.0,1.0,0,0.0
0xae5eacaf9c6b9111fd53034a602c192a04e082ed,2025-04-12,2513.430964,55.854021422222225,111.6738787332613,0.0,446.763828,101827.89,2262.842,34.214136,45,Fear,43.0,0.5333333333333333,0,0.0
0xae5eacaf9c6b9111fd53034a602c192a04e082ed,2025-04-21,0.0,0.0,0.0,0.0,0.0,51130.65,2434.7928571428574,17.179883,21,Fear,39.0,0.0,0,0.0
0xae5eacaf9c6b9111fd53034a602c192a04e082ed,2025-04-23,28100.700490000003,1003.5964460714287,1618.5464739573003,60.225802,7047.857251,79230.9,2829.6749999999997,26.621557,28,Greed,72.0,1.0,0,0.0
0xae5eacaf9c6b9111fd53034a602c192a04e082ed,2025-04-24,2587.44383,29.74073367816092,104.08242625370723,0.0,584.160867,203141.35,2334.9580459770114,68.25541199999999,87,Greed,63.0,0.19540229885057472,0,0.0
0xae5eacaf9c6b9111fd53034a602c192a04e082ed,2025-04-25,7480.21054,136.003828,323.7177188346785,0.0,2006.930852,141050.08000000002,2564.5469090909096,47.392782000000004,55,Greed,60.0,0.5636363636363636,0,0.0
